{
    "teams": {},
    "\nTak\u0131mlar aras\u0131 RGB mesafesi": 101.20392598023079,
    "Tak\u0131mlar aras\u0131 HSV mesafesi": 130.23427278672332
}